_console,3b611069-1530-3546-9f62-2fb5366bc63b
antokova,98992393-9c48-4595-8ced-7baf7cd36031
beatle32,19715cb7-2ccc-4fb7-90dd-cfec9bbd5925
bradley8883,1a64fe36-c331-44d8-80f2-74de9bd9550e
bunnyhops219,b9c07cea-36f1-4387-a889-590f19227b5d
cheesesaber,3f0fa27b-9cef-48de-a431-5787343fdf81
clockolot,0d81b5fb-6571-4d8a-a4c8-7bf6dcfcd827
codexx007,63865755-4e40-4cf6-a11c-20f981176479
colonelace,8ad9b000-1fff-45d4-ad12-3787c1135235
darkslayer268,11fbf96b-561d-470e-81b2-14ab9c17f220
despike,97f5aa09-dbc6-4e14-bd51-90c865c5b91d
faction_2e4e62e7_bf48_4e06_a184_2b25fb4dd16a,eb12b282-1ce6-3276-bcdc-ddae9a86fbf0
faction_2f30c4ee_b6ac_46fa_a6c1_ae9bc14e1e27,376b8d0d-2ba2-37a0-b338-81cef0f6cee9
faction_4bb13d5d_92db_4331_9313_bd9ad6d39589,d0e1b069-38c6-306b-a356-fe34b5456d7e
faction_4d4589b4_8543_4399_a04b_7f60ffde17a5,84bab530-208c-3230-8063-860bae21090b
faction_51fb4fb5_d29a_4057_bc9c_bb1a4aed5b0e,cb1a126c-f3be-3d79-8ad5-41c47d85b92b
faction_6160bdd3_3e0e_4c69_98e2_460139c47fc0,0086fcc5-a20f-3720-bcea-07dbf6d0372e
faction_6a77f942_29ab_41a3_baec_7115c440bb60,374dac6d-86a1-3938-938c-a2b4b1285d88
faction_6d84de3f_a804_49e5_8c1f_b2131a907cd3,36566a6e-ceed-3b42-ace6-8a485b317be9
faction_745cdd99_6961_4e8b_9fab_c24de9657a40,67b4f71c-1b23-350a-bb12-5fc550277c62
faction_81792295_4037_4ccf_918e_541a63b4cbb4,9594e9a8-6c6f-3e55-a27d-004a71a2c879
faction_9aa561cf_d1a9_487f_bf38_8e4468e37649,9fd1d88d-47a1-3208-91fc-2eb6a8077103
faction_a9b1ace9_b947_42c9_b2fa_4dc6d5d77256,82248c37-5f2b-3111-a6c2-78e77f107787
faction_b0196db0_d493_4317_9765_7f7e0bbcfe60,5c91c00f-17c3-37cb-909e-cc55076afa91
faction_b208132f_6a0c_4fda_8f34_6a620daceca5,5d326960-94d9-3478-be5e-94fda16eb8e1
faction_be59c349_c63c_4923_8c41_78ac929a6a65,c1a240c7-36f3-35cd-881c-a1385558661b
faction_d7df6e35_aa23_48a7_bc99_f59a6b2412ab,6bdac542-4865-345d-9cb9-4b61748d4f62
faction_f53cc716_bb46_44d5_839e_ed62ef206923,1945c523-b494-331a-ba0d-46413e41b067
faction_none,b72ed491-5413-3d1e-bf88-bc59e8cdf984
faction_safezone,df290318-9c3f-32c6-9a3d-8db0f7513fe6
faction_warzone,d718f377-082e-3f3c-baf6-7fba6a29b7af
gallenoah,a1846f95-624d-4444-8188-5fa74e7407ef
gazza159,75c0533f-0913-43f2-99a3-4b16845107cf
herobrine,25966168-dc9c-360c-8f32-ed022bfa1070
iihephaestus,25078841-f60d-44b1-816a-4dff57aceb4f
ilemon_pie,deb499d8-6bf6-4151-be8b-36cc4e444146
jacketman66,c774c2f1-bdef-4301-9ed5-eaa719254b08
jerdawg5,c4ef2ff1-2194-4d3d-9fc8-acd3611ac120
m_tim,a587e8ad-77c1-4d61-8f1a-9019338ffeac
minecart11,bd7b3a22-3b9f-43f6-adbc-9d0bc0dc1ea2
miner_of_all,185c7f2b-52aa-4e9b-8fc3-8e52f82d32fa
moonwalker21904,f398bb74-8179-4e7d-8705-8fe0ab5acb6d
mrvase,a694d8fc-458a-4c56-951a-3a5b366086a0
munkey04,f63b57bb-b721-456c-89ee-0bf18fa780df
pro_strategiez,79312a72-b73b-4892-9788-b808da221486
pyromaniac_0,8b740d9f-a12e-44bd-ba5f-0b709c60feeb
rdancer9,a7aa1bdb-13df-32a7-b33a-26f33e907d2a
saulb04,74db534b-f6dc-4110-bcf6-7b9a8642aa85
sniperupabove,7c885183-cdcb-4d0e-ad18-43a8a630b824
souper_man,cc30e88a-cebf-45e4-823a-d3b2b69a273d
thelegendofshaz,16dfbd16-84a8-4594-bda3-96b2f1be64f9
theminer1209,cc398dfd-487b-4745-9f7b-6663045bf856
theratterrees,1bc13050-ae52-4e6f-9ae0-249bf3b1a51b
trix4dayz,bac54c99-cffc-404e-b0c2-c92f7263fae1
vanillapixel_,ce96957b-1587-4abb-9a1a-3c2895b59d3f
